date,region,category,product_name,quantity,unit_price,discount,customer_age,customer_satisfaction,payment_method,revenue,total_cost,profit
2024-01-01,East,Sports,Product_0,15,198.14230606066562,0.1913955617379893,27,4.280050516477424,Debit Card,12016.406106609293,1783.2807545459905,620.0004667758681
2024-01-02,West,Sports,Product_1,5,466.9690556183739,0.15455255110011948,38,3.7795294947038367,Debit Card,9869.944919693517,1400.9071668551217,573.0818170835817
2024-01-03,North,Electronics,Product_2,10,44.31455581626081,0.17806157073694415,22,3.1299707977485864,Digital Wallet,1821.1918200553712,265.8873348975648,98.35102911350941
2024-01-04,East,Food,Product_3,7,14.647862477964056,0.23812315511415488,19,2.795412286698833,Credit Card,390.5953537161554,61.52102240744903,16.598048335782046
2024-01-05,East,Clothing,Product_4,17,35.81507962884201,0.19398177402685804,39,1.3375695221781694,Credit Card,2453.7465903697143,365.31381221418843,125.43550585975441
2024-01-06,West,Electronics,Product_5,7,53.386271200672894,0.05243203284821315,65,2.5974749935787638,Credit Card,1770.5492166402455,224.22233904282612,129.887504285223
2024-01-07,North,Clothing,Product_6,12,28.422418871067826,0.10823175573317995,19,4.640538547128537,Digital Wallet,304.15452689361945,204.64141587168834,99.51311102193111
2024-01-08,North,Clothing,Product_7,17,245.09285015968734,0.2717673314363281,27,4.232090519626212,Credit Card,3034.2385454003106,2499.947071628811,534.2914737714996
2024-01-09,East,Food,Product_8,13,294.5710315413906,0.23098341007550366,51,1.8642054600467488,Digital Wallet,2944.8901321645185,2297.6540460228466,647.2360861416719
2024-01-10,South,Clothing,Product_9,4,143.126615823812,0.16699111738101516,33,2.8664311387888635,Cash,476.90296928172137,343.50387797714876,133.3990913045726
2024-01-11,East,Clothing,Product_10,10,205.16081814806142,0.07669349934278169,65,4.266892810234179,Digital Wallet,1894.2631707625853,1230.9649088883687,663.2982618742167
2024-01-12,East,Food,Product_11,3,54.932674204600765,0.09061815055043851,68,1.26953821914209,Cash,149.86433059017017,98.87881356828137,50.985517021888796
2024-01-13,East,Clothing,Product_12,9,174.8215272759268,0.21958742027569036,56,2.5495703426746372,Credit Card,1227.8962718347482,944.0362472900047,283.8600245447435
2024-01-14,East,Clothing,Product_13,13,266.0344039009163,0.25535227825583123,39,4.4073649474957906,Cash,2575.324866015009,2075.068350427147,500.25651558786194
2024-01-15,West,Clothing,Product_14,18,368.8131855204761,0.2014274008591843,29,2.615591456680495,Digital Wallet,5301.433874852828,3983.182403621142,1318.251471231686
2024-01-16,North,Electronics,Product_15,15,11.63971740105982,0.24285899273053252,41,1.3104585789257635,Debit Card,132.1936103605557,104.75745660953838,27.43615375101733
2024-01-17,West,Electronics,Product_16,4,238.98227560344975,0.2299968405601218,64,3.170137474129006,Cash,736.0684290591521,573.5574614482794,162.51096761087274
2024-01-18,West,Electronics,Product_17,15,155.5314094628923,0.04491119038708732,57,4.446969979673181,Cash,2228.1946308199845,1399.7826851660304,828.411945653954
2024-01-19,West,Food,Product_18,2,427.8826926290317,0.12718344387399058,55,3.361142171812639,Credit Card,746.9261964127905,513.459231154838,233.46696525795255
2024-01-20,East,Sports,Product_19,15,360.6211244647785,0.0458951402485688,27,1.9051164328569272,Digital Wallet,5161.055510713064,3245.5901201830065,1915.4653905300574
2024-01-21,South,Clothing,Product_20,8,298.6631818907385,0.07057067544059543,52,2.5369584805495253,Cash,2220.690555323773,1433.5832730755446,787.1072822482283
2024-01-22,North,Clothing,Product_21,8,145.86016639141906,0.26077788739531577,68,2.8004934447277288,Cash,862.5844827578845,700.1287986788114,162.45568407907308
2024-01-23,South,Food,Product_22,17,456.06616000819184,0.14186758968995464,66,3.3170654152821073,Cash,6653.2076035275,4651.874832083557,2001.3327714439438
2024-01-24,West,Clothing,Product_23,12,32.09933183795836,0.16060743055279825,49,4.037404103010452,Cash,323.32728754802685,231.11518923330019,92.21209831472666
2024-01-25,West,Electronics,Product_24,19,63.639123352766426,0.05353378956833164,24,1.3954944705625416,Debit Card,1144.4133183828403,725.4860062215372,418.9273121613031
2024-01-26,South,Sports,Product_25,10,201.89876886477447,0.0936815358146388,38,4.558608132070265,Digital Wallet,1829.845821184376,1211.3926131886467,618.4532079957294
2024-01-27,South,Home,Product_26,9,70.9744030754596,0.06907385052836097,37,1.0492388120643024,Credit Card,594.647349894771,383.26177660748186,211.3855732872891
2024-01-28,South,Clothing,Product_27,5,478.64369180411825,0.061855849355527924,43,2.480209338697021,Credit Card,2245.1838985445447,1435.9310754123546,809.2528231321901
2024-01-29,West,Electronics,Product_28,6,401.01476785025784,0.19138823799479102,21,1.1096812398906306,Debit Card,1945.591548129041,1443.6531642609282,501.93838386811285
2024-01-30,West,Home,Product_29,2,136.9014992848887,0.07706515429371444,63,2.571896901381165,Digital Wallet,252.70232823891584,164.28179914186643,88.42052909704941
2024-01-31,North,Sports,Product_30,13,298.39157219689025,0.18960464580612554,69,3.103250395493295,Cash,3143.596869906557,2327.454263135744,816.142606770813
2024-02-01,North,Home,Product_31,6,491.34195238924,0.01753638423256617,39,3.046725546326047,Debit Card,2896.353546735378,1768.831028601264,1127.522518134114
2024-02-02,West,Electronics,Product_32,5,443.25749928443645,0.042532318058130555,32,1.6625133881130614,Digital Wallet,2122.023651716096,1329.7724978533095,792.2511538627866
2024-02-03,South,Home,Product_33,1,304.391238756677,0.08236207620003762,57,3.582962040382449,Cash,279.3209443555757,182.6347432540062,96.68620110156951
2024-02-04,South,Food,Product_34,6,452.82474391588255,0.1791140750687075,38,1.1791138020186729,Debit Card,2230.3047524469894,1630.169078097177,600.1356743498125
2024-02-05,North,Home,Product_35,6,494.7006058085459,0.20275237352621278,32,4.047627280529662,Digital Wallet,2366.393302776047,1780.9221809107653,585.4711218652819
2024-02-06,West,Clothing,Product_36,16,374.24288321787583,0.13281509003385814,39,4.786577735974185,Credit Card,5192.604495820207,3592.7316788916078,1599.8728169285996
2024-02-07,North,Clothing,Product_37,4,41.843340646618074,0.13373727437316868,69,2.3590753086044716,Credit Card,144.98930527148542,100.42401755188338,44.56528771960204
2024-02-08,North,Food,Product_38,11,206.77431584848887,,45,3.0689575268573277,Digital Wallet,1780.1396026468306,1364.7104846000263,415.4291180468042
2024-02-09,East,Electronics,Product_39,9,420.53461028879025,0.004746327529674732,31,2.5156411122352575,Credit Card,3766.8475376171596,2270.886895559467,1495.9606420576924
2024-02-10,East,Clothing,Product_40,3,122.97890594445931,,44,1.0268415612162398,Digital Wallet,331.1845275988103,221.36203070002676,109.82249689878353
2024-02-11,East,Sports,Product_41,19,417.01483369780607,0.2456121171357698,58,2.5434980115804637,Cash,5977.227812809072,4753.969104154989,1223.2587086540834
2024-02-12,South,Clothing,Product_42,8,68.96599339714801,,57,4.1668810370453855,Digital Wallet,451.88404510884743,331.0367683063104,120.84727680253701
2024-02-13,West,Clothing,Product_43,5,33.00322500242837,0.1011681398266261,45,3.383955368733927,Cash,148.32175060326549,99.00967500728511,49.312075595980374
2024-02-14,West,Electronics,Product_44,4,198.2043996307123,0.27165743769890216,43,1.4050396584606357,Debit Card,577.442801145535,475.69055911370947,101.75224203182552
2024-02-15,West,Home,Product_45,6,27.998649339040675,0.23178681823481476,66,4.38855795877514,Digital Wallet,129.05358896323284,100.79513762054644,28.2584513426864
2024-02-16,West,Clothing,Product_46,2,479.0624288618296,,19,3.1243413795409714,Debit Card,881.983983915057,574.8749146341954,307.1090692808616
2024-02-17,East,Food,Product_47,11,414.84079093904325,0.19358695125771505,42,4.366893446978704,Credit Card,3679.863296601962,2737.949220197685,941.9140764042768
2024-02-18,South,Home,Product_48,4,402.3771466936388,0.178725218456687,20,3.3208860751401175,Cash,1321.8488129953594,965.705152064733,356.1436609306263
2024-02-19,South,Sports,Product_49,15,318.591182268115,0.1203563742116948,25,3.2387537793517596,Digital Wallet,4203.700540717613,2867.320640413035,1336.3799003045779
2024-02-20,East,Electronics,Product_50,6,115.99877128791123,0.1100868237614402,61,1.4210367407880495,Debit Card,619.373009979572,417.5955766364804,201.77743334309156
2024-02-21,South,Sports,Product_51,17,263.94757967143215,0.10306814243271119,50,1.6694389325545118,Cash,4024.630879896489,2692.265312648608,1332.3655672478812
2024-02-22,East,Home,Product_52,6,302.6642954908671,0.18514673501869403,59,4.888101025986364,Cash,1479.7619362439991,1089.5914637671217,390.1704724768774
2024-02-23,West,Home,Product_53,19,267.2654354215314,0.13272298094420085,69,1.913946987019083,Credit Card,4404.070232451682,3046.8259638054574,1357.244268646225
2024-02-24,East,Home,Product_54,2,137.51435029624838,0.2495589339754266,52,4.909808471961472,Credit Card,206.39283125998648,165.01722035549804,41.37561090448844
2024-02-25,West,Sports,Product_55,15,262.4714829142157,0.20088078484018856,23,3.1276508260970535,Cash,3146.1900814235987,2362.243346227941,783.9467351956578
2024-02-26,West,Home,Product_56,11,250.681307025627,0.020979481712830237,56,1.5431561882557485,Cash,2699.643574420479,1654.496626369138,1045.146948051341
2024-02-27,North,Sports,Product_57,8,498.2045301452949,0.1920504671484498,69,1.3972088110147718,Digital Wallet,3220.1929391633366,2391.3817446974153,828.8111944659213
2024-02-28,East,Home,Product_58,19,449.7437125426399,0.08134423095005544,40,1.83545628282296,Cash,7850.033466303486,5127.078322986095,2722.955143317391
2024-02-29,North,Food,Product_59,13,237.05656662565377,0.1778435974960268,42,4.702549320101343,Digital Wallet,2533.668462089582,1849.0412196800994,684.6272424094827
2024-03-01,East,Home,Product_60,12,315.23931763820815,0.20403957933103542,67,,Cash,3011.016238544466,2269.7230869950986,741.2931515493674
2024-03-02,East,Sports,Product_61,5,376.45708600519197,0.06924875674620362,60,2.5817370719716575,Credit Card,1751.9395041551688,1129.371258015576,622.5682461395929
2024-03-03,North,Clothing,Product_62,6,27.083928514574207,,36,2.252825044280696,Digital Wallet,140.23122270487596,97.50214265246714,42.72908005240882
2024-03-04,North,Home,Product_63,4,448.51150620164157,0.05709745884572034,22,1.5882474022663535,Debit Card,1691.610555737845,1076.4276148839397,615.1829408539054
2024-03-05,East,Clothing,Product_64,19,431.46214004478264,0.01570166273595249,68,2.9514047887696258,Credit Card,8069.061873730877,4918.668396510522,3150.3934772203547
2024-03-06,South,Food,Product_65,1,234.14172790911658,0.11354292704576072,28,1.5201911300445548,Digital Wallet,207.5565907787634,140.48503674546996,67.07155403329344
2024-03-07,West,Electronics,Product_66,17,201.6731853793861,0.10888328155379759,29,4.34192094552931,Digital Wallet,3055.1439016158106,2057.066490869738,998.0774107460725
2024-03-08,North,Food,Product_67,12,143.75009367959433,0.2986441472112771,27,2.481587945101226,Debit Card,1209.8396344933283,1035.000674493079,174.83896000024924
2024-03-09,West,Home,Product_68,15,243.57164588188053,,25,2.4992142711271854,Digital Wallet,3164.340192518152,2192.1448129369246,972.1953795812274
2024-03-10,South,Clothing,Product_69,1,31.744565131286016,0.10007086484166013,41,2.8960257139326235,Cash,28.567859044575815,19.04673907877161,9.521119965804207
2024-03-11,South,Clothing,Product_70,14,427.5748313400338,0.1741425020150024,45,2.7765108526630065,Debit Card,4943.622325765728,3591.6285832562844,1351.993742509444
2024-03-12,South,Sports,Product_71,6,27.356960525087082,0.026630218232330537,58,4.979431892237287,Credit Card,159.77063217678455,98.48505789031348,61.28557428647106
2024-03-13,North,Clothing,Product_72,5,171.2351690312368,0.2884997207864439,53,3.18152448487321,Credit Card,609.1693528845274,513.7055070937105,95.46384579081689
2024-03-14,South,Sports,Product_73,11,466.4788492763051,0.19048801367730994,54,1.3528068151594828,Cash,4153.8224184070295,3078.7604052236134,1075.0620131834162
2024-03-15,North,Electronics,Product_74,4,370.2542007164918,0.2264513459822543,38,3.42750936630772,Credit Card,1145.638554434634,888.6100817195803,257.0284727150537
2024-03-16,South,Home,Product_75,13,147.88157068298813,0.051143381452175264,25,1.6063371714795198,Digital Wallet,1824.1392923494163,1153.4762513273074,670.6630410221089
2024-03-17,West,Sports,Product_76,11,133.7980560408337,0.12284335590156116,26,1.123750578925368,Digital Wallet,1290.980392060398,883.0671698695023,407.91322219089557
2024-03-18,West,Electronics,Product_77,3,12.490248510832723,0.12680673401885686,64,4.882968614708993,Cash,32.719202670270406,22.482447319498903,10.236755350771503
2024-03-19,East,Clothing,Product_78,1,350.90000349637756,0.24654193317032602,32,4.094155566138255,Credit Card,264.3884382849065,210.54000209782654,53.848436187079955
2024-03-20,West,Clothing,Product_79,6,33.90395501985481,0.00037100392782283274,65,4.920435969655068,Credit Card,203.3482591162423,122.05423807147733,81.29402104476497
2024-03-21,East,Electronics,Product_80,18,270.9752345063734,0.09025593250597652,63,2.9115137920889698,Cash,4437.32601653955,2926.5325326688326,1510.7934838707179
2024-03-22,West,Clothing,Product_81,10,481.4397665701044,0.29437091230329115,57,3.1290301245959045,Debit Card,3397.179032657792,2888.638599420626,508.54043323716587
2024-03-23,North,Electronics,Product_82,5,63.639741426682406,0.14246596305186557,35,1.673347823676521,Credit Card,272.86622187979196,190.91922428004722,81.94699759974475
2024-03-24,West,Sports,Product_83,10,448.295166174353,0.11475788407320248,59,1.9876297066703423,Debit Card,3968.497614639396,2689.770997046118,1278.7266175932782
2024-03-25,East,Sports,Product_84,12,495.8229142210736,0.035948700605293905,37,4.354196859611313,Credit Card,5735.984696693951,3569.92498239173,2166.0597143022214
2024-03-26,East,Electronics,Product_85,2,40.14334285722518,0.29224938858840466,23,2.4247425884703766,Credit Card,56.82295090261284,48.17201142867021,8.650939473942628
2024-03-27,South,Sports,Product_86,13,442.624071877356,0.00600790677774734,29,4.307259895185676,Credit Card,5719.542760307089,3452.4677606433766,2267.074999663713
2024-03-28,North,Sports,Product_87,8,262.87872001737213,0.22115406750217292,19,3.836054897148127,Credit Card,1637.9361746061231,1261.8178560833862,376.1183185227369
2024-03-29,West,Sports,Product_88,2,454.1917225278442,0.23057994143655253,24,1.708683701087462,Digital Wallet,698.9284434928139,545.030067033413,153.89837645940088
2024-03-30,South,Food,Product_89,1,289.9462815405913,0.07309701481915999,33,3.0297854644789686,Debit Card,268.7520739020584,173.96776892435477,94.78430497770361
2024-03-31,West,Home,Product_90,5,334.4348849522167,0.2014675330839112,20,3.7095492860748673,Debit Card,1335.2855685184597,1003.30465485665,331.9809136618097
2024-04-01,West,Clothing,Product_91,9,276.4516649187256,0.027878743313816977,62,1.9401488592153004,Credit Card,2418.700859224012,1492.8389905611184,925.8618686628938
2024-04-02,South,Food,Product_92,17,433.6015113506008,0.07711417992962395,20,4.322754042080307,Credit Card,6802.799668571412,4422.735415776128,2380.064252795284
2024-04-03,South,Sports,Product_93,9,369.61586028731386,0.2363705964876795,44,3.179310630180747,Debit Card,2540.2458502790523,1995.9256455514947,544.3202047275577
2024-04-04,South,Electronics,Product_94,11,265.4175529684033,0.2594058576100621,67,1.6609682017704128,Digital Wallet,2162.2335351745764,1751.7558495914618,410.47768558311463
2024-04-05,South,Sports,Product_95,15,435.398793985258,0.18254592379793738,60,3.3319377046584098,Cash,5338.777783750669,3918.5891458673223,1420.188637883347
2024-04-06,South,Home,Product_96,6,130.18991080511393,0.1520515295461448,57,4.998855216623657,Cash,662.3660144143212,468.6836788984101,193.68233551591106
2024-04-07,West,Sports,Product_97,3,87.09692325423772,0.04779120618569409,55,1.6020859666536542,Debit Card,248.80336871056463,156.7744618576279,92.02890685293673
2024-04-08,South,Electronics,Product_98,17,88.59605161173533,0.018932709923745048,50,4.267027720478112,Credit Card,1477.6177005250804,903.6797264397003,573.9379740853801
2024-04-09,North,Home,Product_99,5,173.66435058516657,0.035294708542067586,45,1.8292360127502318,Credit Card,837.6745897355784,520.9930517554998,316.6815379800786
2024-04-10,East,Sports,Product_100,12,126.95811533749858,0.06820719002882963,18,4.129553317840349,Digital Wallet,1419.5839084676609,914.0984304299897,505.4854780376712
2024-04-11,South,Home,Product_101,18,465.74427174977194,0.10250235056907625,25,3.938311692485653,Cash,7524.079004364078,5030.038134897537,2494.040869466541
2024-04-12,South,Clothing,Product_102,14,61.858705976006156,0.11427285765329616,54,2.2019575424017295,Digital Wallet,767.0590882275006,519.6131301984517,247.44595802904894
2024-04-13,West,Clothing,Product_103,11,352.50546163939794,0.10389653057670106,49,2.3032924702577993,Cash,3474.695038822987,2326.536046820026,1148.158992002961
2024-04-14,South,Sports,Product_104,9,102.71855449465289,0.07171659965917968,65,4.170085567851677,Debit Card,858.1673613995122,554.6801942711255,303.48716712838666
2024-04-15,South,Home,Product_105,2,442.00219505747157,0.15291727402550945,60,2.8457820475492506,Cash,748.824848551983,530.4026340689659,218.42221448301711
2024-04-16,South,Electronics,Product_106,12,481.04449121060463,0.24758583246986904,54,3.923272114847235,Digital Wallet,4343.336284790191,3463.5203367163535,879.8159480738373
2024-04-17,West,Sports,Product_107,3,238.08030429729195,0.08391106154144376,21,1.591936589463339,Digital Wallet,654.3081996947886,428.5445477351255,225.76365195966315
2024-04-18,South,Clothing,Product_108,3,440.7450253117845,0.2827161057306699,47,4.410231127606214,Digital Wallet,948.4179244064137,793.3410455612121,155.07687884520158
2024-04-19,East,Clothing,Product_109,1,12.521133669810236,0.26200099851715436,23,3.8435388667292765,Debit Card,9.240584145753195,7.512680201886141,1.7279039438670534
2024-04-20,West,Sports,Product_110,8,411.77398952996907,,63,4.627771235339336,Cash,3134.327209027847,1976.5151497438515,1157.8120592839955
2024-04-21,East,Home,Product_111,8,122.02632914721252,0.23588278702712834,36,1.5294895161398898,Cash,745.9393482982267,585.7263799066201,160.21296839160664
2024-04-22,West,Clothing,Product_112,11,455.26364154199024,0.17237621469533,49,3.3720580014423907,Digital Wallet,4144.657201570274,3004.740034177136,1139.9171673931382
2024-04-23,South,Home,Product_113,9,10.548854625253648,0.16997260865142558,26,3.3964823401613007,Cash,78.80254457683166,56.963814976369704,21.83872960046196
2024-04-24,East,Clothing,Product_114,5,282.5290501694809,0.11731282891745232,29,2.41384296218713,Credit Card,1246.9238402136914,847.5871505084426,399.3366897052488
2024-04-25,West,Clothing,Product_115,14,380.751543854618,0.1503458997546029,28,2.833865698277031,Credit Card,4529.099545751778,3198.312968378791,1330.7865773729873
2024-04-26,North,Food,Product_116,3,136.75728204197492,0.11915363322876331,63,1.1519262531594139,Credit Card,361.3864650485487,246.16310767555484,115.22335737299386
2024-04-27,South,Clothing,Product_117,5,104.6351036477736,0.16191978562798284,33,3.983440154508048,Cash,438.4630504798217,313.9053109433208,124.55773953650089
2024-04-28,West,Electronics,Product_118,5,51.20812998931248,0.18838501583179074,18,3.197289917612696,Debit Card,207.80642805279726,153.62438996793745,54.18203808485981
2024-04-29,North,Sports,Product_119,19,169.95245248661357,0.20229114192271452,62,1.230964207476695,Debit Card,2575.878959210082,1937.4579583473947,638.4210008626874
2024-04-30,West,Sports,Product_120,14,284.32371303132646,0.15974435776782783,38,3.723023571841942,Debit Card,3344.6644573296226,2388.3191894631423,956.3452678664803
2024-05-01,North,Home,Product_121,4,66.76348982232625,0.2164266201986195,47,2.8671283089247517,Debit Card,209.256373469661,160.232375573583,49.023997896078015
2024-05-02,South,Clothing,Product_122,13,194.5807273735314,0.042383414782651736,30,1.1378450377,Credit Card,2422.338512055136,1517.7296735135449,904.6088385415912
2024-05-03,East,Electronics,Product_123,10,14.445478279835232,0.06359474727067156,51,4.8784309073923815,Credit Card,135.26821739425134,86.67286967901138,48.59534771523995
2024-05-04,North,Home,Product_124,18,411.15291604492245,0.24562050122228102,21,4.796448572357762,Digital Wallet,5582.975953085392,4440.4514932851625,1142.5244598002291
2024-05-05,West,Food,Product_125,8,72.93987186566376,0.09675839335392455,45,3.0516096645887902,Cash,527.0586164200081,350.11138495518605,176.94723146482204
2024-05-06,South,Home,Product_126,8,148.83804465013498,0.006868147492836074,55,1.3746896828236408,Cash,1182.5264240554602,714.4226143206479,468.10380973481233
2024-05-07,North,Home,Product_127,7,19.02958218172656,0.04613734490040933,48,4.018484886394367,Debit Card,127.0612544970829,79.92424516325154,47.13700933383136
2024-05-08,West,Clothing,Product_128,8,221.79798410733102,0.06708433034889337,44,2.967724400422916,Credit Card,1655.3505189660498,1064.6303237151888,590.720195250861
2024-05-09,West,Food,Product_129,14,421.6595363431972,0.28719686636837616,22,2.2097899131575196,Debit Card,4207.84334363524,3541.9401052828566,665.9032383523831
2024-05-10,West,Home,Product_130,19,202.15409360814633,0.1719124286792548,42,2.965672710114227,Digital Wallet,3180.6245557618126,2304.556667132868,876.0678886289447
2024-05-11,North,Electronics,Product_131,6,97.95368847767837,0.2798192221428764,20,3.089776581621858,Cash,423.2661813709726,352.6332785196421,70.63290285133053
2024-05-12,North,Electronics,Product_132,1,379.3124286847544,0.17254900514898747,50,3.250846796089357,Cash,313.8624464745538,227.58745721085265,86.27498926370114
2024-05-13,North,Sports,Product_133,15,396.5154211166647,0.14380633204135554,21,2.764894854621306,Debit Card,5092.409892120656,3568.638790049982,1523.7711020706738
2024-05-14,East,Food,Product_134,1,95.13920290070773,0.0941183073582288,42,3.4230212125562267,Digital Wallet,86.18486216028202,57.08352174042464,29.101340419857387
2024-05-15,North,Food,Product_135,17,387.718513185085,0.18191128333001266,37,4.67493884242551,Cash,5392.198394973289,3954.7288344878666,1437.4695604854228
2024-05-16,North,Sports,Product_136,1,474.1759652456056,0.04175940738525895,51,2.4490723483943646,Digital Wallet,454.374657940616,284.50557914736333,169.86907879325264
2024-05-17,North,Home,Product_137,15,91.52501759681344,0.2694784881878118,43,3.9028658528797964,Digital Wallet,1002.9149133519192,823.7251583713208,179.1897549805983
2024-05-18,East,Food,Product_138,2,387.7823033407464,0.2487997215423851,22,4.577810227296929,Debit Card,582.604348501008,465.3387640088957,117.26558449211228
2024-05-19,North,Electronics,Product_139,14,357.2002822552884,0.0952594343630211,52,2.8239171030397476,Credit Card,4524.430195786734,3000.482370944422,1523.9478248423115
2024-05-20,West,Electronics,Product_140,8,242.05120533319337,0.2858392582803883,45,2.7738233455276164,Debit Card,1382.9077466790352,1161.845785599328,221.0619610797071
2024-05-21,North,Clothing,Product_141,8,38.381025673811166,0.24756023022467044,46,3.408467941419118,Credit Card,231.0352809739479,184.2289232342936,46.80635773965429
2024-05-22,West,Food,Product_142,19,46.600264701348465,0.1998920657505119,26,3.3656270376899524,Digital Wallet,708.4195889878299,531.2430175953725,177.1765713924574
2024-05-23,West,Home,Product_143,7,427.68318300733733,0.036528573337582436,69,4.2263573693051075,Credit Card,2884.423685441222,1796.2693686308166,1088.1543168104054
2024-05-24,West,Sports,Product_144,19,495.17270264781706,0.14347020691442167,55,2.9059335351131708,Digital Wallet,8058.473278270665,5644.968810185114,2413.504468085551
2024-05-25,East,Sports,Product_145,6,341.26560602150965,0.15183226645402526,67,4.984491798557764,Cash,1736.7028535787442,1228.5561816774346,508.1466719013097
2024-05-26,East,Home,Product_146,6,228.51957043505752,0.06976540750961403,23,1.237886275469123,Cash,1275.4608568784026,822.670453566207,452.7904033121956
2024-05-27,East,Clothing,Product_147,3,327.3110852669347,0.023989618307790582,36,1.012671394322807,Cash,958.3770517904168,589.1599534804824,369.2170983099344
2024-05-28,North,Sports,Product_148,7,301.2539710219872,0.2330170891415078,61,3.5607932462384952,Debit Card,1617.3965332148653,1265.2666782923461,352.12985492251914
2024-05-29,West,Food,Product_149,19,197.97000759875468,0.03661051563731851,28,2.1937396494475068,Debit Card,3623.7222472569674,2256.858086625803,1366.8641606311644
2024-05-30,East,Clothing,Product_150,8,42.15681084126634,,19,1.9615295547979352,Digital Wallet,277.1263201153781,202.35269203807843,74.77362807729969
2024-05-31,East,Food,Product_151,10,412.5413442296461,0.28093475216509817,64,2.247596320017122,Cash,2966.44143930634,2475.248065377876,491.19337392846364
2024-06-01,North,Electronics,Product_152,15,192.19842932697506,0.26283155777941275,61,2.024190260419817,Debit Card,2125.2392511631474,1729.7858639427754,395.45338722037195
2024-06-02,East,Clothing,Product_153,15,411.20496524497594,0.08332578712477834,61,1.1231601986417914,Cash,5654.114817694818,3700.8446872047834,1953.2701304900347
2024-06-03,North,Sports,Product_154,1,133.7292873473073,0.2554345912653796,26,4.886132169562355,Debit Card,99.57020149353735,80.23757240838437,19.332629085152988
2024-06-04,South,Clothing,Product_155,7,10.504445124360364,9.975183614682192e-05,38,1.882981953811127,Credit Card,73.52378100670055,44.11866952231353,29.405111484387014
2024-06-05,East,Clothing,Product_156,4,87.87975880561069,0.005306342883977166,41,3.936119050357225,Credit Card,349.65375469130765,210.91142113346567,138.742333557842
2024-06-06,South,Clothing,Product_157,6,239.58431421660634,0.18076594915285948,51,4.050385578776702,Cash,1177.6537695306274,862.5035311797828,315.1502383508446
2024-06-07,North,Clothing,Product_158,1,472.7087811293366,0.10943946574335885,39,4.717029592028917,Digital Wallet,420.97578467034765,283.625268677602,137.35051599274567
2024-06-08,West,Food,Product_159,5,60.0748736499223,0.11593825234774413,20,1.12219782837352,Debit Card,265.54948894469385,180.2246209497669,85.32486799492696
2024-06-09,East,Electronics,Product_160,1,428.56278948616733,0.16933232720366473,29,4.488193353788031,Debit Card,355.99325498958035,257.1376736917004,98.85558129787995
2024-06-10,North,Home,Product_161,4,268.2418071438124,0.05753473667755817,45,3.108904723359201,Credit Card,1011.2343416155234,643.7803371451498,367.45400447037355
2024-06-11,West,Clothing,Product_162,2,414.70117524194933,0.0635266051996435,47,3.5301764398633115,Credit Card,776.7132348130517,497.6414102903392,279.0718245227125
2024-06-12,West,Sports,Product_163,10,156.2034711850964,0.1453804761056594,43,3.5778811084841347,Digital Wallet,1334.9453617485044,937.2208271105783,397.7245346379261
2024-06-13,South,Clothing,Product_164,5,421.5741106895112,0.22627606330315891,65,4.279191219938911,Digital Wallet,1630.9099026607926,1264.7223320685337,366.1875705922589
2024-06-14,North,Sports,Product_165,10,388.6831622082342,0.1858493254222763,38,2.333629288636442,Digital Wallet,3164.4665870883664,2332.098973249405,832.3676138389615
2024-06-15,West,Food,Product_166,1,122.72630468540262,0.08920651447105167,45,3.9322047594399736,Cash,111.77831881050557,73.63578281124157,38.142535999264
2024-06-16,East,Sports,Product_167,6,74.35421194059525,,43,3.1143124388887884,Credit Card,388.5299845792229,267.6751629861429,120.85482159308003
2024-06-17,East,Home,Product_168,13,435.3466180408235,0.05119942756499952,50,4.173576057221391,Cash,5369.742565262073,3395.7036207184233,1974.03894454365
2024-06-18,South,Electronics,Product_169,15,481.9859601856646,,38,4.962184131080534,Credit Card,7067.922050537157,4337.873641670982,2730.048408866175
2024-06-19,West,Sports,Product_170,4,25.33813373628296,0.23480881222324476,52,1.802604069615045,Credit Card,77.55406659885053,60.8115209670791,16.742545631771428
2024-06-20,North,Sports,Product_171,13,368.3223328171059,0.07961622275645837,69,4.978594566239991,Debit Card,4406.972698977691,2872.914195973426,1534.0585030042648
2024-06-21,East,Electronics,Product_172,15,455.667010364431,0.053329916355374464,51,1.359248617131096,Credit Card,6470.4949022368855,4101.003093279879,2369.4918089570065
2024-06-22,West,Home,Product_173,8,430.10644512532434,0.20748541667079579,58,1.0092701916192555,Credit Card,2726.925041165613,2064.5109366015568,662.4141045640563
2024-06-23,West,Clothing,Product_174,5,482.6150314124022,0.1854155022861558,68,1.176647744711325,Cash,1965.6536147611139,1447.8450942372065,517.8085205239074
2024-06-24,South,Sports,Product_175,15,382.4460984346676,0.18995688780403922,64,2.3671296189470468,Credit Card,4646.967417348314,3442.014885912008,1204.9525314363054
2024-06-25,East,Electronics,Product_176,4,226.72639356664604,0.06866838145398409,35,3.5316253227137366,Cash,844.6298363501019,544.1433445599505,300.4864917901514
2024-06-26,East,Food,Product_177,12,162.85647534261392,0.0697936615688043,28,1.2761181635513985,Digital Wallet,1817.8815074191584,1172.5666224668203,645.3148849523382
2024-06-27,North,Electronics,Product_178,13,167.16394281468246,0.06624078893569174,40,1.022663258118269,Credit Card,2029.1813276934815,1303.878753954523,725.3025737389585
2024-06-28,East,Food,Product_179,2,364.96710958091734,0.05212577869868835,65,4.748364113835179,Credit Card,691.885829589205,437.9605314971008,253.92529809210413
2024-06-29,North,Home,Product_180,19,375.4601358951725,0.19671710176849688,39,4.287706543759718,Cash,5730.413416513096,4280.245549204967,1450.1678673081296
2024-06-30,East,Clothing,Product_181,19,108.1759803388692,0.2544047655748204,34,4.236732684556124,Digital Wallet,1532.454412978723,1233.2061758631087,299.2482371156143
2024-07-01,South,Electronics,Product_182,4,435.3801786103602,0.21729524090299837,22,4.537697102007908,Debit Card,1363.0965512593261,1044.9124286648644,318.18412259446177
2024-07-02,East,Sports,Product_183,4,360.3127796991013,0.23762809012816294,61,3.8001370910884176,Digital Wallet,1098.7693680417376,864.7506712778431,234.01869676389447
2024-07-03,North,Home,Product_184,11,285.7476403082575,0.12143952872555994,28,1.4176165189923258,Cash,2761.5123968826006,1885.9344260344992,875.5779708481014
2024-07-04,North,Electronics,Product_185,5,241.05090545023123,0.19622273861159942,47,2.596400752294892,Digital Wallet,968.7561831899056,723.1527163506936,245.60346683921205
2024-07-05,South,Sports,Product_186,11,276.1840748370795,0.10627087213343235,32,3.892597945858518,Cash,2715.171275682557,1822.8148939247246,892.3563817578322
2024-07-06,East,Electronics,Product_187,10,88.03041175683958,0.157651386590592,44,2.1213378431660836,Cash,741.5229528123308,528.1824705410376,213.34048227129324
2024-07-07,East,Food,Product_188,8,109.81361214537436,0.1444904539604587,52,3.7496254565449503,Debit Card,751.5727478036118,527.105338297797,224.46740950581489
2024-07-08,South,Electronics,Product_189,6,54.67060029903392,0.053066143543156315,50,1.0979937930706094,Credit Card,310.61665425584914,196.81416107652208,113.80249317932706
2024-07-09,East,Electronics,Product_190,6,85.2924386989452,0.11612362810068924,37,2.224549363518373,Cash,452.3278276060083,307.0527793162027,145.27504828980562
2024-07-10,East,Electronics,Product_191,8,232.3098809565885,0.2891466826447053,33,3.1965213451086907,Cash,1321.1059962592362,1115.0874285916248,206.01856766761148
2024-07-11,North,Home,Product_192,15,269.87365292684547,0.07457407731448262,51,3.528359318024969,Debit Card,3746.2211140250556,2428.862876341609,1317.3582376834465
2024-07-12,East,Electronics,Product_193,14,18.752327314376494,0.040141120883846616,19,3.3081626578476433,Cash,251.9942302751531,157.51954944076255,94.47468083439054
2024-07-13,East,Sports,Product_194,11,400.43093565337347,0.12557418648718058,52,3.791025104293718,Credit Card,3851.618613308406,2642.8441753122647,1208.7744379961414
2024-07-14,South,Food,Product_195,12,154.14230693830416,0.2371013207580444,57,1.0243549929593563,Debit Card,1411.1395485424846,1109.8246099557898,301.3149385866948
2024-07-15,South,Food,Product_196,13,456.7996571303564,0.1746444689339917,45,1.403764799910086,Credit Card,4901.287606820746,3563.03732561678,1338.250281203966
2024-07-16,West,Electronics,Product_197,8,484.0805191707511,0.20429244817147335,64,4.47577700911658,Credit Card,3081.4921983779236,2323.586492019605,757.9057063583186
2024-07-17,North,Home,Product_198,18,100.87484859156062,0.056908454452403154,56,3.726994576360645,Debit Card,1712.4159035717053,1089.4483647888546,622.9675387828506
2024-07-18,East,Home,Product_199,1,236.42767247517372,0.18568445790231644,23,1.4517265707440452,Cash,192.52672827851467,141.85660348510422,50.67012479341045
2024-07-19,East,Sports,Product_200,15,10.603599231548685,0.09705011847344212,26,4.368297749594317,Credit Card,143.61778004822978,95.43239308393817,48.18538696429161
2024-07-20,West,Electronics,Product_201,8,303.1803599099892,0.25029100978643026,37,1.9689248712982677,Credit Card,1818.3763318456372,1455.265727567948,363.11060427768916
2024-07-21,East,Food,Product_202,11,307.5801596487089,0.18878964180322086,18,,Credit Card,2744.634326311368,2030.0290536814787,714.6052726298894
2024-07-22,North,Home,Product_203,12,131.29457824565384,0.05965688333258877,25,1.5807860515386412,Credit Card,1481.543434908617,945.3209633687076,536.2224715399094
2024-07-23,West,Electronics,Product_204,12,283.622209565767,0.019385003953225843,40,3.8404402256868266,Debit Card,3337.490302945343,2042.079908873522,1295.410394071821
2024-07-24,North,Home,Product_205,4,120.51466979743036,0.01278996278610982,20,3.6674176840570714,Debit Card,475.8931666221637,289.23520751383285,186.65795910833083
2024-07-25,West,Home,Product_206,16,88.80447984831314,0.11142257029504223,21,1.8444498846645447,Digital Wallet,1262.5545031983968,852.5230065438061,410.0314966545907
2024-07-26,West,Food,Product_207,4,329.2445387331097,0.07975534099629404,42,4.453603067428007,Digital Wallet,1211.942113101132,790.1868929594633,421.7552201416687
2024-07-27,South,Clothing,Product_208,5,169.7034773365167,0.1938270370387524,64,2.6052240968788487,Credit Card,684.0517757460331,509.1104320095501,174.94134373648296
2024-07-28,North,Sports,Product_209,5,299.229330053955,0.14980015049358547,55,2.1700603642829672,Cash,1272.0236568988887,897.687990161865,374.33566673702376
2024-07-29,East,Sports,Product_210,8,222.29090699611123,0.07980578340161422,32,1.6093183578581418,Credit Card,1636.4064561618495,1066.9963535813338,569.4101025805157
2024-07-30,East,Food,Product_211,10,492.3321896274229,,38,2.06467205006215,Cash,4702.8982102942055,2953.9931377645376,1748.905072529668
2024-07-31,North,Home,Product_212,17,83.29451490710723,0.03815992880623487,52,1.088107684895268,Credit Card,1361.9720365211365,849.6040520524937,512.3679844686428
2024-08-01,East,Electronics,Product_213,9,237.653312351547,0.2593981176421253,63,3.3330299698244623,Digital Wallet,1584.058414285257,1283.3278866983537,300.73052758690324
2024-08-02,East,Home,Product_214,19,343.4237469160694,0.07304339052146017,69,4.368922985375791,Digital Wallet,6048.4393290589815,3915.030714843191,2133.4086142157903
2024-08-03,North,Food,Product_215,14,203.81709110118464,0.19551319437329048,31,3.1959217977665673,Cash,2295.5542477296813,1712.0635652499511,583.4906824797301
2024-08-04,West,Sports,Product_216,8,487.602927416638,0.24320577839587987,53,1.8770958476955029,Credit Card,2952.1206232493187,2340.4940515998624,611.6265716494563
2024-08-05,North,Home,Product_217,9,363.72493768419815,0.18422439335542082,29,1.1346767128554909,Cash,2670.4613852197967,1964.11466349467,706.3467217251268
2024-08-06,West,Sports,Product_218,11,331.9220902066016,0.25786956949408374,34,1.8585122930352114,Digital Wallet,2709.6243206939366,2190.6857953635704,518.9385253303662
2024-08-07,East,Electronics,Product_219,1,380.95904112949944,0.11771811645854235,56,2.6644857122843693,Credit Card,336.1132603598824,228.57542467769966,107.53783568218276
2024-08-08,East,Sports,Product_220,14,476.79783263897133,0.28686665719468446,26,4.038445714799186,Credit Card,4760.286051250226,4005.101794167359,755.1842570828667
2024-08-09,East,Sports,Product_221,5,454.8311399624737,0.03994350125342908,52,1.7513714101510964,Cash,2183.3179587664204,1364.493419887421,818.8245388789994
2024-08-10,South,Clothing,Product_222,14,364.89980098194184,0.03064485889726143,30,3.8791658134187443,Debit Card,4952.04497296896,3065.158328248311,1886.8866447206487
2024-08-11,West,Clothing,Product_223,4,377.0892031596287,0.19760764386223306,32,4.467733873407535,Cash,1210.2939767894702,905.0140875831089,305.2798892063613
2024-08-12,South,Clothing,Product_224,1,81.50181627722127,,35,2.8157873924334282,Digital Wallet,58.44908113684932,48.90108976633276,9.547991370516563
2024-08-13,South,Sports,Product_225,19,60.36827820140619,0.2426650384908984,68,4.285727966570374,Digital Wallet,868.6611453126212,688.1983714960305,180.4627738165907
2024-08-14,North,Food,Product_226,8,289.7432059036405,0.022925057831415428,50,3.2186293921403824,Digital Wallet,2264.8066092163185,1390.7673883374744,874.0392208788442
2024-08-15,South,Sports,Product_227,15,19.0001421008646,0.08381031418041492,23,3.54836334832362,Digital Wallet,261.11601332877916,171.0012789077814,90.11473442099776
2024-08-16,North,Food,Product_228,15,246.35462696027986,0.27909566545134706,44,3.1051138413528108,Digital Wallet,2663.971776176733,2217.1916426425187,446.7801335342142
2024-08-17,North,Food,Product_229,9,113.07129416024561,0.07591752984023536,40,2.852690867005367,Debit Card,940.3848073058502,610.5849884653263,329.7998188405239
2024-08-18,South,Clothing,Product_230,9,179.5481181459714,0.23435112713607575,44,1.9386137671033974,Credit Card,1237.2373285497151,969.5598379882454,267.67749056146977
2024-08-19,West,Home,Product_231,10,390.14432053854847,0.24753965877861112,51,2.212776237844184,Cash,2935.681285580231,2340.8659232312907,594.8153623489402
2024-08-20,West,Electronics,Product_232,9,471.20637707386936,0.14863563103829452,63,2.159880475774436,Cash,3610.514878814036,2544.5144361988946,1066.0004426151413
2024-08-21,West,Clothing,Product_233,3,45.483973351707334,0.11590467295449464,55,3.253155723815259,Digital Wallet,120.63650488712025,81.8711520330732,38.76535285404705
2024-08-22,West,Clothing,Product_234,11,271.77868092845813,0.13503732972592788,31,1.4798147720955597,Cash,2585.8625493738864,1793.7392941278238,792.1232552460626
2024-08-23,West,Home,Product_235,6,442.441408051604,0.06808940830960925,53,4.667166762809341,Digital Wallet,2473.8950061941996,1592.7890689857745,881.1059372084251
2024-08-24,South,Electronics,Product_236,2,50.42918187580643,0.26681727483865325,25,3.882620581132453,Debit Card,73.9476099907219,60.515018250967714,13.432591739754187
2024-08-25,South,Sports,Product_237,7,414.01188297944856,0.13518589701892736,52,2.6057825236527745,Debit Card,2506.3032064166364,1738.8499085136839,767.4532979029525
2024-08-26,East,Sports,Product_238,18,185.32266195485298,0.26473783213682994,36,1.6344965781055119,Credit Card,2452.6933592957753,2001.484749112412,451.20861018336336
2024-08-27,West,Clothing,Product_239,2,167.82640408747432,0.031708043971882226,47,4.527968678886543,Debit Card,325.00991417405163,201.39168490496917,123.61822926908246
2024-08-28,South,Electronics,Product_240,17,488.958529294245,0.2964825813000394,31,4.29511236040466,Debit Card,5847.844320467078,4987.376998801299,860.4673216657793
2024-08-29,East,Clothing,Product_241,11,108.42095403252415,0.13298192623308547,37,3.886886210868717,Credit Card,1034.032193933753,715.5782966146594,318.4538973190936
2024-08-30,West,Food,Product_242,12,349.66503100311365,0.01434924611823164,66,2.0861881896449694,Cash,4135.771216971731,2517.588223222418,1618.1829937493126
2024-08-31,North,Clothing,Product_243,19,412.50595672483456,0.011406554471236474,42,2.6097865497346757,Digital Wallet,7748.213016135121,4702.567906663114,3045.645109472007
2024-09-01,East,Clothing,Product_244,7,30.17991268684312,,57,1.4109930098096934,Digital Wallet,163.96640206601168,126.7556332847411,37.21076878127059
2024-09-02,South,Sports,Product_245,6,338.488874593662,0.19771066026110423,41,1.7561580989101269,Cash,1629.3960942402657,1218.5599485371831,410.8361457030826
2024-09-03,North,Sports,Product_246,1,476.2594874341102,0.24063916743827624,31,4.1320665492669315,Credit Card,361.6528008933858,285.7556924604661,75.89710843291971
2024-09-04,North,Sports,Product_247,17,70.86778369674909,0.03161026018584179,43,3.8601548754027353,Cash,1166.6697884601151,722.8513937068407,443.81839475327445
2024-09-05,North,Food,Product_248,11,449.1484383156688,0.010671260110664504,55,3.3739430519037388,Debit Card,4887.9100435231385,2964.3796928834136,1923.530350639725
2024-09-06,East,Sports,Product_249,18,301.44055231469866,0.15257378683427353,40,4.582906903704691,Credit Card,4598.075263367343,3255.557964998746,1342.517298368597
2024-09-07,South,Electronics,Product_250,17,312.13624511261224,0.11627856944483085,39,3.3330660712521816,Credit Card,4689.305314003623,3183.789700148645,1505.5156138549778
2024-09-08,North,Home,Product_251,7,310.34264568414693,0.13858408100128672,65,2.867871999854443,Credit Card,1871.3386673555103,1303.439111873417,567.8995554820933
2024-09-09,West,Electronics,Product_252,17,156.42958430528378,0.2974765226610822,36,2.361482985223051,Digital Wallet,1868.222743922099,1595.5817599138945,272.64098400820444
2024-09-10,North,Electronics,Product_253,9,468.2488894967352,0.29122498730120105,63,4.76179402294469,Cash,2986.948013393223,2528.54400328237,458.40401011085305
2024-09-11,North,Sports,Product_254,17,474.20172668920895,0.28269461690195785,68,1.330861846097414,Credit Card,5782.506670885454,4836.857612229931,945.6490586555228
2024-09-12,East,Home,Product_255,8,316.39928350483444,0.23515280303030214,20,4.723549488243234,Credit Card,1935.976840895147,1518.7165608232053,417.2602800719417
2024-09-13,East,Home,Product_256,17,393.8771357113912,0.10645240807706711,59,4.306858639724073,Credit Card,5983.115424183069,4017.5467842561898,1965.5686399268793
2024-09-14,South,Home,Product_257,7,310.0064130817674,0.12363927907883147,36,1.5197196981428052,Cash,1901.742105609663,1302.0269349434232,599.7151706662398
2024-09-15,West,Food,Product_258,1,247.3552393112799,0.16488481311567735,26,3.2599374307010143,Digital Wallet,206.57011690425585,148.41314358676792,58.15697331748794
2024-09-16,East,Sports,Product_259,13,333.80185796663284,0.24916033692145195,45,4.4661919269963475,Debit Card,3258.2117694185795,2603.654492139736,654.5572772788437
2024-09-17,North,Home,Product_260,19,280.9707117700596,0.020613849755480328,37,3.287236654428615,Digital Wallet,5228.397650906883,3203.0661141786795,2025.331536728204
2024-09-18,South,Food,Product_261,19,302.7631726896457,0.12728906576546642,62,4.628799286242489,Credit Card,5020.269894506051,3451.500168661961,1568.7697258440899
2024-09-19,North,Clothing,Product_262,17,394.07795117524233,0.024785299037780605,24,4.77193526726417,Digital Wallet,6533.280392289857,4019.595101987472,2513.6852903023855
2024-09-20,North,Clothing,Product_263,13,245.64287741000257,0.15439727597205347,31,2.6895380887372236,Digital Wallet,2700.3117215874945,1916.01444379802,784.2972777894745
2024-09-21,East,Food,Product_264,16,29.969511985311655,0.2696702472018706,26,2.5092546456252944,Debit Card,350.2020204754118,287.70731505899187,62.49470541641995
2024-09-22,South,Food,Product_265,8,90.35974568485365,0.23474547736918136,36,4.745284615876628,Cash,553.1856323928388,433.7267792872975,119.45885310554127
2024-09-23,West,Sports,Product_266,19,224.9175360798738,0.06835272526293298,64,3.7005602445986723,Cash,3981.332381058417,2564.0599113105613,1417.2724697478557
2024-09-24,West,Sports,Product_267,18,365.1650143382886,0.2927972548796377,69,1.4640907253926772,Digital Wallet,4648.422610115174,3943.7821548535167,704.6404552616577
2024-09-25,East,Clothing,Product_268,1,300.7065376719876,0.20020511941392852,31,1.1691669968907248,Digital Wallet,240.50354938881833,180.42392260319255,60.07962678562578
2024-09-26,East,Home,Product_269,14,328.64415107799243,0.00312830981922092,55,3.2585162039890525,Cash,4586.624704944039,2760.6108690551364,1826.0138358889026
2024-09-27,South,Clothing,Product_270,19,244.84667500238078,0.07662404540556585,53,4.720683861753699,Cash,4295.625112932334,2791.252095027141,1504.3730179051927
2024-09-28,West,Home,Product_271,15,311.713590751699,0.07821398997597497,57,4.376994809623273,Debit Card,4309.998406339057,2805.422316765291,1504.5760895737658
2024-09-29,West,Home,Product_272,18,171.21854452918447,0.02077629188575798,34,3.7033909858573457,Credit Card,3017.9026452922467,1849.1602809151923,1168.7423643770544
2024-09-30,West,Sports,Product_273,2,240.38947042136587,0.2879479554227787,47,1.55646339556435,Digital Wallet,342.33962781673813,288.467364505639,53.87226331109912
2024-10-01,North,Electronics,Product_274,17,374.69674214152826,0.14347658837277713,26,2.0169255349947823,Cash,5455.921042379349,3821.9067698435883,1634.014272535761
2024-10-02,West,Electronics,Product_275,18,437.19806169682937,0.2687443792115646,50,4.502044906210465,Digital Wallet,5754.663720245082,4721.739066325757,1032.9246539193246
2024-10-03,North,Food,Product_276,6,222.49111363863057,0.0966646510333885,69,1.7312289466276019,Digital Wallet,1205.904526684334,800.96800909907,404.93651758526414
2024-10-04,South,Sports,Product_277,19,31.394212276606982,0.037570071129848136,42,2.1137576330017382,Cash,574.0798602778768,357.8940199533196,216.1858403245572
2024-10-05,North,Home,Product_278,4,89.2195466319333,0.14230083297186416,31,1.5184026047817678,Debit Card,306.09412331534844,214.1269119166399,91.96721139870854
2024-10-06,South,Electronics,Product_279,1,20.221958252853668,0.03418699041429515,28,3.7044329256576445,Digital Wallet,19.530630359905082,12.133174951712201,7.397455408192881
2024-10-07,West,Home,Product_280,8,330.0988794262918,0.14580465089326197,52,4.775929221452838,Debit Card,2255.7514204102745,1584.4746212462005,671.276799164074
2024-10-08,West,Electronics,Product_281,7,172.83416642400337,0.2760891543658223,58,2.075872126381544,Cash,875.8156929933493,725.9034989808141,149.91219401253522
2024-10-09,South,Electronics,Product_282,3,275.81453150249007,0.1562304425502638,31,2.901626431400295,Credit Card,698.171715552187,496.46615670448205,201.705558847705
2024-10-10,East,Electronics,Product_283,10,251.7056549240618,0.18494991806852504,47,3.537358958844817,Credit Card,2051.5271466847216,1510.2339295443708,541.2932171403509
2024-10-11,South,Sports,Product_284,10,49.94797988068908,0.04699153109214249,58,4.997864992862523,Digital Wallet,476.00847831135974,299.68787928413445,176.32059902722528
2024-10-12,East,Clothing,Product_285,19,207.5980669506776,0.013120687763990845,21,1.4192322599902885,Cash,3892.6105131423838,2366.6179632377243,1525.9925499046594
2024-10-13,North,Home,Product_286,14,118.0749512119384,0.03324238865394211,21,2.9942831980228366,Debit Card,1598.0980091083825,991.8295901802826,606.2684189280999
2024-10-14,North,Sports,Product_287,2,215.01589644714983,0.1795594727053097,45,2.5404804796100002,Digital Wallet,352.81551091568025,258.0190757365798,94.79643517910046
2024-10-15,North,Sports,Product_288,1,109.75335736769891,0.028503509697691398,25,4.463280660889421,Cash,106.6250014816145,65.85201442061934,40.77298706099516
2024-10-16,West,Sports,Product_289,18,421.82167907569743,0.11279786698239341,19,,Cash,6736.339681722487,4555.674134017532,2180.6655477049544
2024-10-17,North,Sports,Product_290,7,95.35473492334428,0.1650275821374468,58,1.4439100983405924,Debit Card,557.3300150151133,400.489886678046,156.8401283370673
2024-10-18,East,Sports,Product_291,8,480.7824702286187,0.1165958395889541,63,3.5376965811463346,Digital Wallet,3397.8018756212923,2307.7558570973697,1090.0460185239226
2024-10-19,North,Food,Product_292,1,213.794609412001,0.049105140439590446,39,4.08312247305552,Cash,203.2961950915973,128.2767656472006,75.0194294443967
2024-10-20,South,Home,Product_293,3,424.66019308933414,0.08213739225423196,58,1.0115250066624584,Cash,1169.3391367043928,764.3883475608014,404.95078914359135
2024-10-21,South,Sports,Product_294,8,318.0947609209131,0.2784952598545731,33,4.435826741682519,Cash,1836.0550225589207,1526.8548524203827,309.20017013853794
2024-10-22,West,Home,Product_295,15,370.3216463462188,0.2027946826759066,46,,Debit Card,4428.335783811271,3332.8948171159695,1095.440966695301
2024-10-23,South,Food,Product_296,5,386.18470515272236,0.14881435160396597,66,3.2082774586135114,Digital Wallet,1643.5743932802561,1158.5541154581672,485.02027782208893
2024-10-24,East,Food,Product_297,3,257.37399212757873,0.003814466996068055,65,2.6631900027498006,Digital Wallet,769.1767425868854,463.2731858296417,305.90355675724373
2024-10-25,North,Home,Product_298,19,276.2172564480113,0.29772462014684103,47,,Digital Wallet,3685.6309951864664,3148.8767235073287,536.7542716791377
2024-10-26,West,Electronics,Product_299,1,261.85797522627524,0.20143648046839296,29,2.4846464591429673,Digital Wallet,209.1102263141147,157.11478513576515,51.99544117834955
2024-10-27,North,Clothing,Product_300,15,298.14860526413884,0.09507674320348349,52,4.4790527067268435,Credit Card,4047.0241032744534,2683.3374473772496,1363.6866558972038
2024-10-28,North,Electronics,Product_301,8,24.403278420688572,0.26378059799935144,28,3.921985443835161,Credit Card,143.72933636587737,117.13573641930515,26.593599946572226
2024-10-29,East,Electronics,Product_302,2,203.80243322601748,0.07752948608754542,63,3.590852684251686,Digital Wallet,376.0034706292261,244.56291987122097,131.44055075800514
2024-10-30,South,Electronics,Product_303,3,307.03246964497407,0.16320497375482548,67,4.184962382251417,Debit Card,770.7697304840605,552.6584453609534,218.1112851231071
2024-10-31,South,Sports,Product_304,14,302.88454697537355,0.19082122911894753,38,4.016092139713529,Credit Card,3431.22843616556,2544.2301945931376,886.9982415724226
2024-11-01,North,Food,Product_305,14,398.54848635675944,0.06631901143611853,38,1.1437546996862133,Cash,5209.640026251049,3347.807285396779,1861.8327408542696
2024-11-02,West,Electronics,Product_306,11,330.9545760277332,0.29351918364017876,22,2.5789374153793125,Credit Card,2571.9436495510063,2184.300201783039,387.64344776796725
2024-11-03,South,Food,Product_307,16,496.14532500692945,0.22445757179369927,65,4.723229189265959,Cash,6156.508001585253,4762.995120066523,1393.51288151873
2024-11-04,West,Home,Product_308,4,149.08871901823605,0.16734396765332096,37,1.5028970759689049,Digital Wallet,496.5584849814932,357.8129256437665,138.74555933772672
2024-11-05,South,Clothing,Product_309,5,185.98400453645343,0.05417837945259026,54,3.948386201728205,Credit Card,879.5384628328259,557.9520136093603,321.5864492234656
2024-11-06,West,Home,Product_310,14,198.08510441522017,0.016157462099407837,20,4.898367245341319,Debit Card,2728.383725874436,1663.9148770878494,1064.4688487865867
2024-11-07,East,Home,Product_311,16,238.24827543992177,0.09601794975629503,61,1.2087945161798865,Credit Card,3445.9546319873184,2287.183444223249,1158.7711877640695
2024-11-08,West,Sports,Product_312,18,419.6390512527926,0.22595620077402084,50,3.728775522506442,Credit Card,5846.742099635347,4532.101753530161,1314.640346105186
2024-11-09,East,Clothing,Product_313,7,125.53812604001283,0.08079938949060751,26,,Credit Card,807.763054687294,527.2601293680539,280.50292531924015
2024-11-10,East,Home,Product_314,10,390.2401014473605,0.16186686614865153,26,3.3167010214988886,Digital Wallet,3270.7315918054437,2341.4406086841627,929.290983121281
2024-11-11,West,Home,Product_315,7,208.60198971201427,0.21838415301922295,21,1.3413653459372994,Debit Card,1141.3263460944195,876.1283567904599,265.1979893039596
2024-11-12,East,Clothing,Product_316,1,304.9091379943842,0.0323831143939393,52,1.172027807467758,Credit Card,295.03523049895466,182.9454827966305,112.08974770232416
2024-11-13,North,Clothing,Product_317,19,319.94486128089,0.205589404834762,34,,Debit Card,4829.184165734016,3647.371418602146,1181.8127471318694
2024-11-14,East,Home,Product_318,16,192.69583222257788,0.02756126631301341,51,4.293237719282871,Digital Wallet,2998.1582571725385,1849.8799893367475,1148.278267835791
2024-11-15,South,Clothing,Product_319,19,261.18145055084454,0.28953892263809894,41,4.128061339731869,Cash,3525.6258401606456,2977.4685362796276,548.1573038810179
2024-11-16,West,Home,Product_320,4,212.38527557737154,0.14651823901948188,49,3.1752229114649495,Credit Card,725.0678360244308,509.72466138569166,215.34317463873913
2024-11-17,North,Home,Product_321,18,43.87506523144353,0.045202832312963216,18,1.3994672845447127,Debit Card,754.0521842711927,473.85070449959005,280.20147977160264
2024-11-18,West,Sports,Product_322,2,224.211040520245,0.10271509081006394,25,3.7521777753440553,Debit Card,402.36236626517825,269.053248624294,133.30911764088427
2024-11-19,South,Electronics,Product_323,1,57.72276235124056,0.12402493478857843,62,1.9675555342165838,Digital Wallet,50.56370051481134,34.633657410744334,15.930043104067003
2024-11-20,South,Home,Product_324,15,208.46019154935755,0.2274555033229612,40,4.644274811069534,Credit Card,2415.671606365463,1876.1417239442178,539.5298824212452
2024-11-21,South,Food,Product_325,5,300.5300159175731,0.22302713582298278,64,4.35306143818282,Cash,1167.5183361932068,901.5900477527193,265.92828844048745
2024-11-22,East,Electronics,Product_326,11,293.91330067831535,0.1835821516011993,57,3.8375318683495636,Debit Card,2639.5167101113802,1939.8277844768813,699.6889256344989
2024-11-23,East,Electronics,Product_327,10,334.68442671407695,0.03177921376754789,29,4.795383823324522,Credit Card,3240.484187728611,2008.1065602844615,1232.3776274441493
2024-11-24,West,Electronics,Product_328,2,56.678138897766885,0.045470811476302074,29,1.1256872860450917,Cash,108.20187585823773,68.01376667732026,40.188109180917465
2024-11-25,West,Sports,Product_329,3,329.5403903099146,0.028127076193666986,63,3.944801700243048,Debit Card,960.8141479283307,593.1727025578463,367.64144537048446
2024-11-26,North,Home,Product_330,12,162.95254778125906,0.17315183498626502,64,2.3209711173456213,Debit Card,1616.8441814069643,1173.258344025065,443.5858373818992
2024-11-27,North,Sports,Product_331,5,205.53251360718443,0.2631415324534212,32,4.624263542745461,Cash,757.2418650379313,616.5975408215533,140.6443242163781
2024-11-28,West,Home,Product_332,5,430.41326442212585,0.13014015367643153,58,2.0667007866479103,Cash,1871.9960802292792,1291.2397932663775,580.7562869629016
2024-11-29,East,Sports,Product_333,6,14.424898023479622,0.04825445218732386,36,3.899425997260068,Digital Wallet,82.37299482899162,51.92963288452664,30.443361944464982
2024-11-30,South,Sports,Product_334,9,298.32219033689665,0.1674126975446901,43,4.510588078603126,Credit Card,2235.4134094364067,1610.9398278192418,624.4735816171649
2024-12-01,West,Food,Product_335,2,303.3698502490527,0.24352566505971296,69,1.1666272735307297,Credit Card,458.98301141617327,364.04382029886324,94.93919111731003
2024-12-02,North,Sports,Product_336,12,204.36329040834536,0.222513618453879,46,2.5905903183681445,Digital Wallet,1906.6761021653224,1471.4156909400865,435.2604112252359
2024-12-03,East,Clothing,Product_337,3,126.14364998308473,0.2644352339025064,39,4.049236128087754,Debit Card,278.36047318347545,227.0585699695525,51.30190321392294
2024-12-04,West,Food,Product_338,12,124.99027874816004,0.08337062917466034,57,2.8196755580303483,Cash,1374.8371268185172,899.9300069867522,474.90711983176493
2024-12-05,West,Sports,Product_339,17,443.0177381337688,0.05818616018033246,38,2.0690105191743813,Cash,7093.084030019809,4518.780928964441,2574.3031010553677
2024-12-06,East,Electronics,Product_340,10,226.5919431536002,0.2639449457825816,68,1.87922139529276,Cash,1667.841450031534,1359.551658921601,308.2897911099328
2024-12-07,West,Clothing,Product_341,14,172.13578786469424,0.1972680938334069,55,1.5260730676655117,Debit Card,1934.5044475696002,1445.9406180634314,488.56382950616876
2024-12-08,East,Clothing,Product_342,17,229.9010111773875,0.09327867900226625,37,4.428518239425129,Cash,3543.7545254090837,2344.990314009352,1198.7642113997317
2024-12-09,South,Clothing,Product_343,18,338.00129671508705,0.22270441517175274,46,3.301421613006224,Cash,4729.084480851471,3650.41400452294,1078.670476328531
2024-12-10,East,Food,Product_344,19,81.42071843992834,0.24453551534411036,68,1.305539779965824,Digital Wallet,1168.6987608341224,928.196190215183,240.50257061893933
2024-12-11,East,Sports,Product_345,17,230.22257925473147,0.1844934721023397,21,2.5303212942825417,Debit Card,3191.7162762783896,2348.270308398261,843.4459678801286
2024-12-12,East,Sports,Product_346,14,298.0633418440896,0.20636523296397452,24,2.4709346032204396,Credit Card,3311.748032129786,2503.7320714903526,808.0159606394336
2024-12-13,West,Electronics,Product_347,9,474.80584387720256,0.1125779713327999,45,1.726956762837852,Digital Wallet,3792.178486768941,2563.9515569368937,1228.2269298320475
2024-12-14,West,Electronics,Product_348,8,133.73861321695543,0.1616087002029117,45,2.7420305018887627,Digital Wallet,897.0023181441865,641.9453434413861,255.0569747028004
2024-12-15,East,Clothing,Product_349,2,186.03286647896033,0.15724775121784867,21,2.328397461572546,Credit Card,313.559233145067,223.23943977475238,90.31979337031464
2024-12-16,West,Electronics,Product_350,13,195.88570906198765,0.2544143373392316,39,2.36721482196873,Digital Wallet,1898.6444905578353,1527.9085306835036,370.7359598743317
2024-12-17,North,Food,Product_351,7,306.7136972459926,0.25198919408465476,29,3.9561062311518347,Debit Card,1605.9761190357508,1288.1975284331688,317.77859060258197
2024-12-18,North,Sports,Product_352,9,184.79870598960082,0.24980414080411295,62,1.8930535420207852,Cash,1247.7170161634103,997.9130123438445,249.80400381956588
2024-12-19,West,Clothing,Product_353,11,271.42084339685084,0.003309484278739738,20,3.5674398354214216,Debit Card,2975.7483842097736,1791.3775664192156,1184.370817790558
2024-12-20,West,Electronics,Product_354,14,393.0772616240644,0.22486364534066647,39,3.2825984955237395,Credit Card,4265.638659446507,3301.848997642141,963.7896618043656
2024-12-21,East,Food,Product_355,4,355.63894111497973,0.22760291703330143,61,3.272370049351469,Credit Card,1098.7779228263034,853.5334586759514,245.2444641503521
2024-12-22,South,Food,Product_356,13,228.72063679116692,0.20351364685654255,19,3.6520293845671037,Digital Wallet,2368.247256523796,1784.020966971102,584.2262895526937
2024-12-23,West,Electronics,Product_357,2,433.4659270603428,0.22687939736743576,41,3.193528144782616,Debit Card,670.2428774991506,520.1591124724113,150.08376502673934
2024-12-24,North,Sports,Product_358,5,283.48872230099283,0.2525911114490126,51,4.517020459385538,Debit Card,1059.4099542586227,850.4661669029784,208.9437873556443
2024-12-25,East,Electronics,Product_359,11,274.5538613560841,0.14109571623053568,44,3.7023203678010392,Credit Card,2593.9703640860703,1812.0554849501552,781.914879135915
2024-12-26,West,Clothing,Product_360,6,26.752005310187506,0.15061506404653413,58,3.1878530054855525,Debit Card,136.33650190212236,96.30721911667501,40.02928278544735
2024-12-27,North,Electronics,Product_361,18,493.47956037500916,0.03741421707341714,18,4.31905248115058,Credit Card,8550.295361673194,5329.579252050099,3220.716109623095
2024-12-28,North,Food,Product_362,10,70.25569617951709,0.11561276491420854,25,3.424586259733919,Debit Card,621.3324089323052,421.5341770771025,199.79823185520263
2024-12-29,South,Electronics,Product_363,4,123.25414708954683,0.19300955397353528,40,2.164576991140716,Debit Card,397.8596765376196,295.80995301491237,102.04972352270721
2024-12-30,East,Sports,Product_364,9,35.33145024834821,0.23411993284418234,55,1.8283796727062849,Debit Card,243.53688140025625,190.78983134108034,52.747050059175905
2024-12-31,East,Home,Product_365,6,323.6014537500877,,23,1.6093111426507152,Credit Card,1815.0881988954093,1164.9652335003157,650.1229653950936
2025-01-01,South,Electronics,Product_366,2,120.10357671661319,0.04134686974777062,39,4.597820850184407,Digital Wallet,230.27533954774003,144.1242920599358,86.15104748780422
2025-01-02,South,Sports,Product_367,17,98.20511436163451,0.19891260135014766,42,3.8405417271922633,Debit Card,1337.4049531672417,1001.692166488672,335.7127866785697
2025-01-03,East,Sports,Product_368,5,53.392236269388285,,35,4.749513752657283,Credit Card,266.81062456896,160.17670880816485,106.63391576079516
2025-01-04,East,Food,Product_369,6,60.62138899076768,0.05351177529219895,34,3.413167222859772,Credit Card,344.2645850711564,218.23700036676362,126.02758470439275
2025-01-05,West,Sports,Product_370,12,296.48864321686847,0.00872141410318612,29,2.89360352597965,Debit Card,3526.834115789788,2134.718231161453,1392.1158846283352
2025-01-06,West,Sports,Product_371,10,347.22185427463177,0.05006553535646128,23,1.2388659558835573,Debit Card,3298.3800625290914,2083.3311256477905,1215.048936881301
2025-01-07,South,Sports,Product_372,6,204.71570434755648,0.05439578397765157,43,3.686569126184119,Digital Wallet,1161.480198702204,736.9765356512032,424.5036630510008
2025-01-08,West,Sports,Product_373,8,245.14956998011587,0.11630207842511825,44,3.3288350390729247,Credit Card,1733.1053237312353,1176.717935904556,556.3873878266793
2025-01-09,North,Clothing,Product_374,2,346.1241906316622,0.12069813740596678,25,4.960835574350486,Credit Card,608.6952910225456,415.34902875799463,193.34626226455094
2025-01-10,West,Clothing,Product_375,12,18.516097190885024,0.2622787411830713,36,1.9566351111289721,Cash,163.91662233643555,133.31589977437218,30.600722562063368
2025-01-11,West,Food,Product_376,13,168.3340219644365,,59,3.1229494211473434,Credit Card,1853.4538893002807,1313.0053713226046,540.4485179776761
2025-01-12,North,Electronics,Product_377,7,486.81789655446977,0.21702142968368587,18,3.6038293404722905,Digital Wallet,2668.1758645402983,2044.6351655287729,623.5406990115255
2025-01-13,South,Sports,Product_378,10,294.2549925507793,0.03124120737608623,46,3.5783646989693745,Cash,2850.621113070517,1765.5299553046757,1085.0911577658412
2025-01-14,North,Electronics,Product_379,13,134.5700441497717,0.06763162663910816,62,3.245174171793611,Cash,1631.0950911713383,1049.6463443682192,581.4487468031191
2025-01-15,West,Electronics,Product_380,17,265.64772285174445,0.21088303229360303,66,4.107712041308902,Cash,3563.6611340929244,2709.606773087793,854.0543610051313
2025-01-16,South,Food,Product_381,14,177.90020917924852,0.015841188140558425,52,1.8199248381072657,Debit Card,2451.1488189355346,1494.3617571056875,956.7870618298471
2025-01-17,West,Sports,Product_382,2,270.8000445248866,0.14597929867312592,57,3.9025088010976634,Debit Card,462.53768788898475,324.9600534298639,137.57763445912087
2025-01-18,North,Sports,Product_383,11,71.61334078525793,0.17981068969888014,31,3.4789382857323567,Credit Card,646.1014624572174,472.6480491827024,173.45341327451501
2025-01-19,North,Home,Product_384,1,75.03018037144592,0.1806436932157443,52,4.584300447178293,Cash,61.47645148650449,45.01810822286755,16.458343263636934
2025-01-20,West,Electronics,Product_385,19,80.3357573993025,0.006879843380412609,65,4.388777756134327,Digital Wallet,1515.878139440421,915.8276343520484,600.0505050883725
2025-01-21,East,Electronics,Product_386,4,470.51169804415247,0.09663240126875565,62,2.260588156530213,Debit Card,1700.1800913484253,1129.2280753059658,570.9520160424595
2025-01-22,East,Clothing,Product_387,19,369.1204699872575,0.19094719531474622,37,2.1049492999006123,Digital Wallet,5674.121078688664,4207.973357854735,1466.1477208339293
2025-01-23,North,Home,Product_388,11,89.56712838453724,0.04469992084477303,66,4.926613295409791,Digital Wallet,941.1983331900028,591.1430473379457,350.05528585205707
2025-01-24,North,Clothing,Product_389,8,102.29105104514471,0.20862469449841597,30,3.109060723661026,Debit Card,647.6048941674361,490.9970450166946,156.60784915074152
2025-01-25,East,Clothing,Product_390,11,368.1064426867294,0.22377756264410234,55,4.625683855657748,Debit Card,3143.0572816357235,2429.5025217324137,713.5547599033098
2025-01-26,East,Clothing,Product_391,4,86.52028394816523,0.2945907571338436,66,1.6555240951219288,Debit Card,244.12883196976043,207.64868147559653,36.480150494163894
2025-01-27,West,Food,Product_392,17,124.93503373406605,0.06295259845692282,63,3.571275659200697,Debit Card,1990.190828277456,1274.3373440874736,715.8534841899823
2025-01-28,West,Food,Product_393,7,482.03994808199553,0.24753920029983456,66,4.239440749442345,Cash,2539.013153748432,2024.567781944381,514.4453718040511
2025-01-29,East,Clothing,Product_394,8,135.1001971169316,0.15608897307559622,25,4.789580998345787,Cash,912.1003686931131,648.4809461612717,263.61942253184134
2025-01-30,West,Home,Product_395,3,334.1998516818619,0.11203877884325203,60,2.349360564068094,Cash,890.2695252294905,601.5597330273514,288.70979220213906
2025-01-31,West,Electronics,Product_396,2,489.5293308262599,0.03671302719755338,37,3.89992467969621,Cash,943.1144543792706,587.4351969915119,355.67925738775864
2025-02-01,South,Home,Product_397,15,193.4054158984984,0.22065168194626128,50,3.155252036158476,Credit Card,2260.9527837446785,1740.6487430864856,520.3040406581929
2025-02-02,West,Sports,Product_398,5,18.582835522410495,0.07075727974310612,43,1.2425157042658728,Cash,86.33982315465583,55.74850656723148,30.591316587424352
2025-02-03,North,Food,Product_399,1,129.63217230696338,0.11142660056191372,56,3.7599989492357735,Debit Card,115.18770002334219,77.77930338417802,37.40839663916417
2025-02-04,West,Electronics,Product_400,4,417.1298237574357,0.01876266806921053,38,3.7603862329513738,Digital Wallet,1637.2134213300264,1001.1115770178457,636.1018443121808
2025-02-05,West,Electronics,Product_401,15,433.658329617968,0.24041007474585568,66,4.722427219386148,Cash,4941.03747270524,3902.9249665617117,1038.1125061435287
2025-02-06,East,Sports,Product_402,19,386.5744886166577,0.229976557191493,59,2.9892497846758896,Credit Card,5655.756953904198,4406.949170229897,1248.8077836743005
2025-02-07,North,Sports,Product_403,3,65.42381134752078,0.22008474901269373,60,1.9210036828420587,Debit Card,153.07508474294355,117.76286042553741,35.312224317406134
2025-02-08,West,Clothing,Product_404,11,399.80008213123756,0.089833053147566,58,1.1782552937947166,Digital Wallet,4002.733021152149,2638.6805420661676,1364.0524790859813
2025-02-09,West,Food,Product_405,17,460.1521205268171,0.05204402227978717,26,2.6625687467436228,Digital Wallet,7415.467206338478,4693.5516293735345,2721.9155769649433
2025-02-10,South,Food,Product_406,13,304.2986758476557,0.19126597934106893,41,2.2076668003100073,Cash,3199.2569907930238,2373.5296716117145,825.7273191813092
2025-02-11,West,Home,Product_407,11,471.02892460565175,0.14884991523396582,54,4.044353224095502,Digital Wallet,4410.079400158898,3108.790902397301,1301.2884977615972
2025-02-12,West,Clothing,Product_408,2,415.15105301881994,0.053475740071392476,66,2.4170710593641864,Cash,785.9010864344414,498.1812636225839,287.71982281185745
2025-02-13,South,Clothing,Product_409,9,336.81604332554457,0.20577338131495912,58,4.796284785259376,Cash,2407.5744048838933,1818.8066339579404,588.7677709259528
2025-02-14,East,Clothing,Product_410,2,292.8207659887566,0.2973379295463911,34,4.849240811951137,Debit Card,411.5080914029428,351.3849191865079,60.12317221643491
2025-02-15,West,Clothing,Product_411,9,180.80109694856554,0.22416587632261128,41,3.4836343608708322,Debit Card,1262.4449454990086,976.3259235222539,286.11902197675465
2025-02-16,South,Food,Product_412,9,88.05084816897451,0.22199591600568352,38,4.714641148059531,Credit Card,616.5352752716309,475.4745801124624,141.06069515916852
2025-02-17,North,Food,Product_413,8,306.42742211836503,0.2850938258791775,68,4.043417378057983,Debit Card,1752.534847938773,1470.851626168152,281.683221770621
2025-02-18,East,Clothing,Product_414,17,165.87466127287854,0.060880910272470654,56,3.1874385639005047,Debit Card,2648.1930353586154,1691.9215449833612,956.2714903752542
2025-02-19,North,Home,Product_415,1,434.55494708854627,0.1696649894764321,58,1.7212317416911125,Cash,360.82618656383653,260.73296825312775,100.09321831070878
2025-02-20,North,Electronics,Product_416,11,496.73509930572794,0.293894014510165,56,2.83439177405536,Debit Card,3858.223895049283,3278.451655417804,579.7722396314789
2025-02-21,South,Electronics,Product_417,8,378.68960368163056,0.049588233291052365,30,3.2434978534504704,Cash,2879.288442154958,1817.7100976718266,1061.5783444831313
2025-02-22,West,Home,Product_418,10,54.336030690654866,0.2100755878333563,28,4.45584632294004,Cash,429.21357102784253,326.0161841439292,103.19738688391334
2025-02-23,South,Clothing,Product_419,7,151.45594181001266,0.17574304379157057,63,2.9253335061426595,Debit Card,873.8702951720143,636.1149556020531,237.75533956996117
2025-02-24,South,Food,Product_420,3,63.46371956521737,0.1759437276566121,36,4.590698690711827,Credit Card,156.89302852187748,114.23469521739126,42.65833330448622
2025-02-25,South,Electronics,Product_421,3,328.7507074179407,0.20930118825602254,28,3.6973959160938756,Credit Card,779.8283811460732,591.7512733522932,188.07710779378
2025-02-26,South,Sports,Product_422,18,384.94352363233446,0.27888507686270525,30,1.5479962522146855,Digital Wallet,4996.593350213944,4157.390055229212,839.2032949847326
2025-02-27,East,Sports,Product_423,5,463.58066713154875,0.23477458195540138,63,4.979925477300371,Digital Wallet,1773.7185490156667,1390.7420013946462,382.9765476210205
2025-02-28,West,Home,Product_424,12,224.70444974187396,0.016840831024863,62,3.1089306430156505,Debit Card,2651.0428808788347,1617.8720381414923,1033.1708427373424
2025-03-01,North,Clothing,Product_425,12,451.6740682983377,0.2558184059627134,18,2.5674331856363155,Credit Card,4033.530337578759,3252.0532917480314,781.4770458307275
2025-03-02,North,Electronics,Product_426,19,440.16666793025047,0.06766239897771978,57,3.636455057878106,Cash,7797.294769333148,5017.900014404856,2779.394754928292
2025-03-03,West,Clothing,Product_427,6,165.42590121504531,0.11307424942091159,61,1.4355732559241563,Digital Wallet,880.3229496022572,595.5332443741631,284.789705228094
2025-03-04,North,Electronics,Product_428,2,435.7613065148798,0.13851984408371465,36,3.5461545870134175,Cash,750.7994365574457,522.9135678178557,227.88586873959002
2025-03-05,West,Home,Product_429,12,194.07940342204597,0.1442718002259209,29,2.992944001997092,Digital Wallet,1992.9506220428957,1397.371704638731,595.5789174041647
2025-03-06,North,Home,Product_430,19,155.46594453453758,0.13055411977660702,25,2.6266962799943325,Debit Card,2568.215274821252,1772.3117676937284,795.9035071275237
2025-03-07,South,Sports,Product_431,5,328.0465828092526,0.28120598826475934,25,,Credit Card,1178.9895964674977,984.1397484277577,194.84984803973998
2025-03-08,North,Clothing,Product_432,12,170.90680166368972,0.21180570229920737,62,3.090158866928213,Digital Wallet,1616.4931981152067,1230.5289719785658,385.96422613664095
2025-03-09,West,Sports,Product_433,17,318.80228668128063,,29,,Credit Card,4393.423782974566,3251.7833241490625,1141.6404588255036
2025-03-10,West,Clothing,Product_434,17,308.81758469436033,0.014952608334882466,65,2.8358539175091946,Cash,5171.39925715952,3149.9393638824754,2021.4598932770446
2025-03-11,West,Sports,Product_435,10,286.0850744007448,,50,4.677549618290691,Debit Card,2085.062406989355,1716.510446404469,368.5519605848863
2025-03-12,West,Food,Product_436,17,196.40565507407086,0.27281705760251884,62,1.7043818853223787,Credit Card,2427.9883167245493,2003.3376817555227,424.65063496902667
2025-03-13,West,Food,Product_437,15,278.7648636092236,0.23406391902903068,43,1.8558281547529476,Debit Card,3202.7410071788327,2508.8837724830123,693.8572346958204
2025-03-14,East,Food,Product_438,12,302.2778827428566,0.0021087611440857466,56,1.052118271028335,Credit Card,3619.6854106681435,2176.4007557485675,1443.284654919576
2025-03-15,East,Food,Product_439,16,277.38657536278197,0.017184075323287005,45,1.0567601975830687,Cash,4361.919096929269,2662.911123482707,1699.0079734465617
2025-03-16,North,Electronics,Product_440,19,227.76553184808876,0.06756711068054692,22,4.31756650783405,Cash,4035.1453860214106,2596.5270630682116,1438.618322953199
2025-03-17,West,Food,Product_441,8,17.186857952669268,0.03940482244347201,25,3.9284904273718233,Debit Card,132.07690293346528,82.49691817281249,49.57998476065279
2025-03-18,North,Home,Product_442,17,297.66023677356395,0.11965080891111883,42,2.420164225807833,Cash,4454.764127269842,3036.1344150903524,1418.6297121794896
2025-03-19,West,Home,Product_443,5,92.53774871993262,0.2767869174263369,44,3.793244628910291,Digital Wallet,334.6225525308476,277.6132461597978,57.009306371049774
2025-03-20,West,Electronics,Product_444,16,324.86222478412293,0.14161813025909947,63,2.580823705239881,Credit Card,4461.693502694146,3118.67735792758,1343.0161447665664
2025-03-21,East,Food,Product_445,6,382.07872068220433,0.004020787929649682,40,4.8115871839913105,Cash,2283.2547790434564,1375.4833944559357,907.7713845875207
2025-03-22,East,Food,Product_446,8,255.21820147406333,0.0848237068736286,47,4.86821072570414,Digital Wallet,1868.5571805073016,1225.0473670755039,643.5098134317977
2025-03-23,South,Food,Product_447,18,275.7581958400718,0.013378472511888461,62,2.5711751032373735,Debit Card,4897.241503147754,2978.1885150727753,1919.0529880749787
2025-03-24,East,Sports,Product_448,12,476.22449423633566,0.010886286784050648,64,4.416887625363472,Digital Wallet,5652.482133821873,3428.816358501617,2223.6657753202558
2025-03-25,South,Clothing,Product_449,15,425.11200707256137,0.08271595592866567,40,4.092356166789864,Debit Card,5849.226915462012,3826.0080636530524,2023.2188518089592
2025-03-26,South,Sports,Product_450,9,457.97589281622027,0.08268370160368362,66,,Debit Card,3780.9787567763096,2473.069821207589,1307.9089355687206
2025-03-27,South,Clothing,Product_451,13,408.74548127659733,0.2361379807804812,64,1.9281593156044239,Credit Card,4058.9269327723437,3188.2147539574594,870.7121788148843
2025-03-28,South,Food,Product_452,15,63.369987504898404,0.2924503958343336,37,2.8329386015713354,Credit Card,672.5611436261113,570.3298875440856,102.23125608202565
2025-03-29,South,Food,Product_453,10,83.0060094253954,0.11136212816699949,35,4.125395362457625,Digital Wallet,737.6228356513335,498.03605655237243,239.58677909896107
2025-03-30,North,Sports,Product_454,16,268.0456606617902,0.12866606365831157,35,4.840671138914981,Credit Card,3736.9164899799375,2573.2383423531855,1163.678147626752
2025-03-31,East,Sports,Product_455,7,130.57413281101915,0.25343683088580643,19,4.05431627546629,Credit Card,682.3728687701246,548.4113578062804,133.96151096384415
2025-04-01,South,Clothing,Product_456,17,243.58078277016799,0.08044170602865401,21,4.42082794007348,Credit Card,3807.774393821792,2484.5239842557135,1323.2504095660784
2025-04-02,West,Home,Product_457,7,203.2390086709916,0.046914541321034384,47,3.412257224682066,Digital Wallet,1355.9290066045523,853.6038364181647,502.3251701863876
2025-04-03,East,Clothing,Product_458,14,279.2129768309221,0.2559268870210951,50,4.341631323368503,Cash,2908.568163965675,2345.389005379746,563.1791585859291
2025-04-04,East,Sports,Product_459,15,375.96910090655314,0.013950175932019648,53,4.13768343201367,Credit Card,5560.863987058553,3383.7219081589783,2177.1420788995747
2025-04-05,South,Sports,Product_460,7,360.59054447864446,0.1859098320598247,35,2.5079421677051204,Credit Card,2054.8725183858123,1514.4802868103068,540.3922315755055
2025-04-06,North,Electronics,Product_461,9,265.40472491781384,0.16859785424004203,54,3.2079612084828844,Digital Wallet,1985.9225201235163,1433.1855145561947,552.7370055673216
2025-04-07,South,Sports,Product_462,19,412.97277522035847,0.10377613425050827,36,4.219012487958779,Cash,7032.205084088427,4707.889637512087,2324.31544657634
2025-04-08,North,Electronics,Product_463,16,221.12242485363635,0.0945568563292077,64,1.1842269367598255,Credit Card,3203.4205359293605,2122.7752785949087,1080.6452573344518
2025-04-09,West,Home,Product_464,8,449.39000202165994,0.23155731785448638,45,4.23231712942332,Debit Card,2762.643667863217,2157.0720097039675,605.5716581592496
2025-04-10,East,Clothing,Product_465,18,44.927332327030314,0.025927383228763944,57,1.7115524961960937,Digital Wallet,787.7247149581444,485.21518913192733,302.5095258262171
2025-04-11,West,Clothing,Product_466,18,477.78341471632064,0.07103529279341561,37,3.058734468485756,Credit Card,7989.190739281959,5160.060878936262,2829.129860345697
2025-04-12,North,Electronics,Product_467,7,330.7996099013606,0.21973461955142692,66,4.23310175822375,Credit Card,1806.7803843034728,1389.3583615857144,417.4220227177584
2025-04-13,North,Clothing,Product_468,3,196.2365093792306,0.16449617511792727,50,2.0152843126267794,Debit Card,491.86906250356174,353.2257168826151,138.64334562094666
2025-04-14,West,Sports,Product_469,18,106.6055220207099,0.038396462560075915,29,1.983229757224612,Debit Card,1845.2204475433987,1151.3396378236669,693.8808097197318
2025-04-15,North,Food,Product_470,10,244.79978242736397,0.264640684284618,68,2.6110575938490075,Digital Wallet,1800.1580049306074,1468.7986945641837,331.35931036642364
2025-04-16,West,Electronics,Product_471,7,105.33357836079747,0.11803435396907747,32,4.578571190310538,Digital Wallet,650.3041824141069,442.4010291153494,207.9031532987575
2025-04-17,East,Clothing,Product_472,17,91.50248779413965,0.24836051259665184,58,1.0017711257488315,Debit Card,1169.2070113692102,933.3253755002244,235.88163586898588
2025-04-18,West,Electronics,Product_473,14,312.50236113235735,0.2363139046583126,56,4.60553238656774,Digital Wallet,3341.1519114151906,2625.0198335118016,716.132077903389
2025-04-19,East,Electronics,Product_474,3,266.3115150450745,0.1873276339415184,19,1.6152280985664311,Debit Card,649.2720271208989,479.3607270811341,169.9113000397648
2025-04-20,West,Food,Product_475,12,338.34705695936145,0.1483443393885279,46,4.960345504269928,Credit Card,3457.8622357280683,2436.098810107402,1021.7634256206661
2025-04-21,North,Sports,Product_476,13,465.5068799367747,0.2938652521145271,58,4.819387972153873,Debit Card,4273.237582940398,3630.9536635068425,642.2839194335556
2025-04-22,West,Electronics,Product_477,2,270.80750453612967,0.04348952171394511,27,2.9787007583651333,Debit Card,518.0604313746127,324.96900544335557,193.0914259312571
2025-04-23,North,Clothing,Product_478,3,294.6567060987709,0.21754671826533442,19,3.0508809912505126,Cash,691.6653200163304,530.3820709777875,161.28324903854286
2025-04-24,West,Home,Product_479,5,53.91690618592163,,68,2.926197361103417,Debit Card,254.1219142578618,161.75071855776488,92.3711957000969
2025-04-25,West,Electronics,Product_480,11,361.64153509522845,0.10147893159970452,28,3.5417745826380904,Debit Card,3574.3679234085635,2386.8341316285077,1187.5337917800557
2025-04-26,South,Electronics,Product_481,8,205.95355133403655,0.09260962301195858,30,1.3628868089397241,Cash,1495.0421646961388,988.5770464033753,506.46511829276346
2025-04-27,North,Food,Product_482,12,488.5953669446636,0.2841107963216169,27,1.130471793366266,Digital Wallet,4197.361777955552,3517.8866420015784,679.4751359539732
2025-04-28,South,Sports,Product_483,7,413.3552676418735,0.29020685333648255,31,1.2308117136635954,Cash,2053.7771527662608,1736.0921240958687,317.68502867039206
2025-04-29,North,Home,Product_484,15,266.015709852898,0.05490463327041815,35,2.7774613969660575,Credit Card,3771.15322288882,2394.141388676082,1377.011834212738
2025-04-30,South,Clothing,Product_485,17,70.37910054436136,0.006610548089251256,68,2.1021917568779336,Cash,1188.5355539674886,717.8668255524859,470.66872841500265
2025-05-01,East,Home,Product_486,4,431.11373870748866,0.21600241189893393,26,3.488158249483975,Credit Card,1351.9685253756174,1034.6729728979728,317.2955524776446
2025-05-02,West,Clothing,Product_487,13,401.8927367577706,0.12539698016114528,56,4.969769157499115,Digital Wallet,4569.455815855425,3134.7633467106107,1434.692469144814
2025-05-03,North,Sports,Product_488,18,100.44671347314616,0.026652073526269315,45,2.5452926923058636,Cash,1759.8528050433797,1084.8245055099785,675.0282995334012
2025-05-04,North,Clothing,Product_489,1,154.68636171795194,0.20512623167311275,20,3.2953650164180535,Cash,122.95613124752441,92.81181703077117,30.144314216753244
2025-05-05,West,Food,Product_490,16,398.7695564924403,0.1635316584782099,37,2.662415583629342,Digital Wallet,5336.929753097781,3828.187742327427,1508.7420107703542
2025-05-06,North,Food,Product_491,13,100.76193880823074,0.2941550466003318,23,4.389086670887437,Credit Card,924.589978033226,785.9431227041997,138.64685532902627
2025-05-07,North,Food,Product_492,10,459.6987196939749,,44,4.608945613848952,Cash,4283.367634658564,2758.1923181638494,1525.175316494715
2025-05-08,South,Food,Product_493,12,218.01843834621732,0.12119336289796447,19,4.50942244882104,Credit Card,2299.1526075513207,1569.7327560927647,729.419851458556
2025-05-09,North,Home,Product_494,2,52.64909166795273,0.16276374101862687,46,4.89748895471703,Cash,88.15945709368825,63.17891000154327,24.980547092144974
2025-05-10,East,Sports,Product_495,3,409.71683531709766,0.2375099965360055,55,1.1100767405616612,Debit Card,937.2149735405719,737.4903035707757,199.7246699697962
2025-05-11,East,Clothing,Product_496,10,193.01974468880994,0.16465159701601761,20,4.3592646485821245,Cash,1612.387354701734,1158.1184681328596,454.26888656887445
2025-05-12,West,Clothing,Product_497,2,267.9846051353527,0.18387004825858475,33,4.007088692156373,Digital Wallet,437.42052571311524,321.58152616242324,115.838999550692
2025-05-13,North,Food,Product_498,13,65.02912876149739,0.06784411547698223,47,1.9147776376014591,Digital Wallet,788.0247055256526,507.22720433967964,280.797501185973
2025-05-14,West,Food,Product_499,13,11.266167274041369,0.25407561842656795,57,4.82528037355011,Credit Card,109.24821513569789,87.87610473752267,21.372110398175224
